{"cameraMode":{"drawMode":0,"name":"Shaded","section":"Shading Mode"},"sceneLighting":true,"audioPlay":false,"sceneViewState":{"showFog":true,"showMaterialUpdate":false,"showSkybox":true,"showFlares":true,"showImageEffects":true,"showParticleSystems":true,"showVisualEffectGraphs":true,"m_FxEnabled":true},"in2DMode":false,"pivot":{"x":-0.04231752082705498,"y":-2.9759881496429445,"z":23.59634780883789},"rotation":{"x":-0.0812198594212532,"y":0.0020906347781419756,"z":-0.00017033706535585225,"w":-0.9966956973075867},"size":12.549487113952637,"orthographic":false}